[
  {
    "id": 291,
    "name": "rule_name",
    "type": "application",
    "uri": "/formUri/",
    "parameterKeys": [
      "Hello Hello"
    ],
    "parameterDictionary": {
      "paramType": "header",
      "paramName": "x-forwarded-for",
      "key": "IPAddress"
    }
  },
  {
    "id": 9990,
    "name": "rule_namu",
    "type": "application",
    "uri": "/formUri/",
    "parameterKeys": [
      "Hello Hello",
      "Hello Hello",
      "Hello Hello",
      "Hello Hello"
    ],
    "parameterDictionary": {
      "paramType": "header",
      "paramName": "x-forwarded-for",
      "key": "IPAddress"
    }
  }
]